{"val_loss": [1.9690276712336867, 1.9215239721631248, 1.8273912233019631, 1.9799808169168138, 1.7297013960187397, 1.4345189850166362, 1.7721863221869898, 1.632234705819024, 1.610556857926505, 1.5801693554277774, 1.6688403364211795, 1.5693447665562705, 1.60799997761136, 1.7330359453877444, 1.665416580659372], "val_acc": [0.15079365126670352, 0.24603174618943027, 0.2777777770681987, 0.198412699437646, 0.35449735370893326, 0.507936504782823, 0.3783068786222468, 0.40476190649643146, 0.39417989307610446, 0.41534391565928386, 0.35449735370893326, 0.43386243244327566, 0.4074074059882492, 0.3835978824940939, 0.4206349192157624], "loss": [5.286487040519714, 1.8306244564056398, 1.7818231534957887, 1.7759143352508544, 1.624019832611084, 1.6936249923706055, 1.5099481105804444, 1.3802006658242674, 1.3850992298126221, 1.3724368190765381, 1.4757531881332397, 1.2623652029037475, 1.2760925828194132, 1.3087839794158935, 1.2214730405807495], "acc": [0.193125, 0.300625, 0.35125, 0.338125, 0.3875, 0.41125, 0.46625, 0.5420918367346939, 0.52375, 0.534375, 0.4825, 0.566875, 0.5663265306122449, 0.555625, 0.586875]}