{"val_loss": [2.0699016846046248, 1.9099122020933363, 1.8582834087351643, 1.8428647726301164, 1.8633893343506667, 1.7979998885008392, 1.7677489317283428, 1.7555974873285445, 1.7388268885789093, 1.713168014924993, 1.6937610554316687, 1.669355965165234, 1.648128455908841, 1.6244902989220997, 1.6006976258817804],"val_acc": 
 [0.13756613721134803, 0.4206349201618679, 0.4338624330740126, 0.47354497527950024, 0.3624338630645994, 0.2751322735554327, 0.26190476032791943, 0.30158730284877555, 0.2989417987841147, 0.33597883724030997, 0.3809523818984864, 0.407407405199828, 0.43386243449317086, 0.4550264570763502, 0.47089947294936607], "loss": [2.028041248321533, 1.7329911136627196, 1.6501130867004394, 1.5967274236679077, 1.460238528251648, 1.4683631706237792, 1.3087294199028794, 1.2290155577659607, 1.2038435602188111, 1.2005441427230834, 1.2298243713378907, 1.1717524361610412, 1.2325596736401927, 1.0902232098579407, 1.1550927329063416],"acc": [0.22625, 0.3775, 0.39375, 0.4325, 0.4775, 0.484375, 0.5459183673469388, 0.566875, 0.578125, 0.5825, 0.553125, 0.594375, 0.5701530612244898, 0.6275, 0.583125], "lr": [0.001, 0.001, 0.001, 0.001, 0.001, 0.0005, 0.00025, 0.000125, 6.25e-05, 3.125e-05, 1.5625e-05, 7.8125e-06, 3.90625e-06, 1.953125e-06, 9.765625e-07]}