{"val_loss": [1.9133332696541276, 1.8203826146151023, 1.6367961988247262, 1.8105767845476746, 1.6173112077057046, 1.4252143927982874, 1.4001797860261624, 1.367230012303307, 1.4534571561863814, 1.455308029260585, 1.1150081097764313, 1.1659112935343747, 1.0819208820660908, 1.0479768183496263, 1.08907787131254], "val_acc": [0.2407407420022147, 0.21428571270887184, 0.3677248694593944, 0.2566137567714409, 0.30423280549427817, 0.41005290689922513, 0.42592592624129444, 0.4312169280632463, 0.44444444617897116, 0.43386243070874897, 0.5793650815726588, 0.5396825387364342, 0.5529100488102625, 0.5714285701670975, 0.5608465567467704], "loss": [1.9049009799957275, 1.8384952664375305, 1.6589470028877258, 1.508505670647872, 1.4053912520408631, 1.2168140769004823, 1.1925181031227112, 1.1148811161518097, 1.0210893332958222, 0.9371933281421662, 0.8821564316749573, 0.8140566170215606, 0.7882400929927826, 0.753913426399231, 0.6968535244464874], "acc": [0.2953125, 0.325, 0.3671875, 0.44901315789473684, 0.484375, 0.553125, 0.5671875, 0.5921875, 0.634375, 0.65625, 0.703125, 0.7125, 0.728125, 0.7375, 0.7578125], "lr": [